time,close,T10Y2Y,HY_Spread,Copper_Gold_Log,WEI,Sahm_Rule,UM_Sentiment
1973-06-01,100.98,,,,,-0.03,77
1973-07-02,108.64,,,,,-0.07,77
1973-08-01,104.87,,,,,-0.1,77
1973-09-03,111.2,,,,,-0.07,72
1973-10-01,110.17,,,,,-0.07,72
1973-11-01,93.51,,,,,-0.03,76.5
1973-12-03,92.19,,,,,0.03,76.5
1974-01-01,94.93,,,,,0.03,76.5
1974-02-01,94.35,,,,,0.23,76.5
1974-03-01,92.27,,,,,0.4,61.8
1974-04-01,86.86,,,,,0.5,61.8
1974-05-01,80.2,,,,,0.43,61.8
1974-06-03,75.96,,,,,0.43,72.1
1974-07-01,69.99,,,,,0.47,72.1
1974-08-01,62.37,,,,,0.57,72.1
1974-09-02,55.67,,,,,0.63,64.4
1974-10-01,65.23,,,,,1.07,64.4
1974-11-01,62.95,,,,,1.07,64.4
1974-12-02,59.82,,,,,1.83,59.5
1975-01-01,69.78,,,,,2.37,59.5
1975-02-03,73,,,,,2.37,59.5
1975-03-03,75.66,,,,,2.77,57.6
1975-04-01,78.54,,,,,3.27,57.6
1975-05-01,83.1,,,,,3.5,57.6
1975-06-02,87.02,,,,,3.83,72.8
1975-07-01,83.19,,,,,3.77,72.8
1975-08-01,79.01,,,,,3.5,72.8
1975-09-01,74.33,,,,,3.17,75.7
1975-10-01,76.99,,,,,2.7,75.7
1975-11-03,78.8,,,,,2.7,75.7
1975-12-01,77.62,,,,,1.8,75.6
1976-01-01,87.05,,,,,1.8,75.6
1976-02-02,90.26,,,,,0.93,75.6
1976-03-01,90.62,,,,,-0.27,84.6
1976-04-01,90.08,,,,,-0.27,84.6
1976-05-03,88.04,,,,,-0.1,84.6
1976-06-01,90.32,0.84,,,,-0.1,83.3
1976-07-01,91.29,1.1,,,,0,83.3
1976-08-02,89.7,1.14,,,,0.1,83.3
1976-09-01,91.26,1.2,,,,0.3,89.7
1976-10-01,90.35,1.42,,,,0.4,89.7
1976-11-01,91.12,1.59,,,,0.5,87
1976-12-01,97.88,1.47,,,,0.47,87
1977-01-03,95.54,1.22,,,,0.27,87
1977-02-01,94.57,1.37,,,,0.1,87.1
1977-03-01,94.13,1.41,,,,-0.07,87.1
1977-04-01,95.48,1.37,,,,-0.07,87.1
1977-05-02,95.59,1.18,,,,-0.1,87.1
1977-06-01,99.73,1.14,,,,-0.2,90.2
1977-07-01,100.65,0.93,,,,-0.07,90.2
1977-08-01,100.1,0.71,,,,-0.03,90.2
1977-09-01,100.85,0.6,,,,0.07,89
1977-10-03,97.52,0.39,,,,0.03,89
1977-11-01,103.15,0.44,,,,-0.03,84.4
1977-12-01,105.05,0.56,,,,-0.03,84.4
1978-01-02,100.84,0.47,,,,-0.17,83.7
1978-02-01,101.47,0.47,,,,-0.2,84.3
1978-03-01,106.2,0.45,,,,-0.07,78.8
1978-04-03,115.18,0.27,,,,-0.07,78.8
1978-05-01,120.24,0.32,,,,-0.1,81.6
1978-06-01,120.3,0.15,,,,0,82.9
1978-07-03,126.32,0.1,,,,-0.17,80
1978-08-01,135.01,-0.06,,,,0.07,82.4
1978-09-01,132.89,-0.18,,,,0,78.4
1978-10-02,111.12,-0.53,,,,-0.03,79.3
1978-11-01,114.69,-0.69,,,,-0.03,75
1978-12-01,117.98,-0.83,,,,-0.03,75
1979-01-01,125.82,-0.69,,,,0,72.1
1979-02-01,122.56,-0.72,,,,-0.03,73.9
1979-03-01,131.76,-0.61,,,,-0.03,73.9
1979-04-02,133.82,-0.61,,,,-0.07,68.4
1979-05-01,131.42,-0.49,,,,0,66
1979-06-01,138.13,-0.15,,,,0.03,68.1
1979-07-02,141.33,-0.29,,,,0,65.8
1979-08-01,150.44,-0.56,,,,-0.03,60.4
1979-09-03,149.98,-0.67,,,,0.07,64.5
1979-10-01,135.53,-1.34,,,,0.23,62.1
1979-11-01,144.26,-0.95,,,,0.17,63.3
1979-12-03,151.14,-0.9,,,,0.13,61
1980-01-01,161.75,-0.62,,,,0.23,67
1980-02-01,158.03,-2.01,,,,0.3,66.9
1980-03-03,131,-1.99,,,,0.4,56.5
1980-04-01,139.99,-0.07,,,,0.4,56.5
1980-05-01,150.45,1.08,,,,0.67,52.7
1980-06-02,157.78,1.1,,,,1.27,51.7
1980-07-01,171.81,1.2,,,,1.77,58.7
1980-08-01,181.52,0.12,,,,2.03,62.3
1980-09-01,187.76,-0.31,,,,1.93,67.3
1980-10-01,192.78,-0.62,,,,1.73,75
1980-11-03,208.15,-1.41,,,,1.73,75
1980-12-01,202.34,-0.63,,,,1.57,64.5
1981-01-01,197.81,-0.58,,,,1.57,64.5
1981-02-02,198.01,-0.65,,,,1.4,71.4
1981-03-02,210.18,-0.04,,,,1.1,66.5
1981-04-01,216.74,-0.62,,,,1.1,66.5
1981-05-01,223.47,-1.23,,,,0.83,72.4
1981-06-01,215.75,-0.8,,,,0.47,76.3
1981-07-01,211.63,-1.17,,,,0.1,73.1
1981-08-03,195.75,-1.32,,,,0,74.1
1981-09-01,180.03,-0.83,,,,-0.13,77.2
1981-10-01,195.24,0.04,,,,0.07,73.1
1981-11-02,201.37,0.77,,,,0.8,62.5
1981-12-01,195.84,0.35,,,,1.07,64.3
1982-01-01,188.39,-0.1,,,,1.07,64.3
1982-02-01,179.43,-0.41,,,,1.23,71
1982-03-01,175.65,-0.34,,,,1.47,62
1982-04-01,184.7,-0.15,,,,1.47,62
1982-05-03,178.54,0.09,,,,1.77,65.5
1982-06-01,171.3,-0.22,,,,2,67.5
1982-07-01,167.35,0.41,,,,2.17,65.7
1982-08-02,177.71,0.8,,,,2.3,65.4
1982-09-01,187.65,0.42,,,,2.4,65.4
1982-10-01,212.63,0.88,,,,2.53,69.3
1982-11-01,232.31,0.83,,,,2.47,72.1
1982-12-01,232.41,0.88,,,,2.37,71.9
1983-01-03,248.35,1.22,,,,2.13,70.4
1983-02-01,260.67,0.96,,,,1.87,74.6
1983-03-01,270.8,0.75,,,,1.57,80.8
1983-04-01,293.06,0.89,,,,1.57,80.8
1983-05-02,308.73,0.72,,,,1.27,89.1
1983-06-01,318.7,0.72,,,,0.97,93.3
1983-07-01,303.96,0.8,,,,0.7,92.2
1983-08-01,292.42,0.82,,,,0.3,92.8
1983-09-01,296.65,0.86,,,,-0.07,90.9
1983-10-03,274.55,1.13,,,,-0.23,89.3
1983-11-01,285.67,0.96,,,,-0.37,91.1
1983-12-01,278.6,0.97,,,,-0.37,91.1
1984-01-02,268.43,1.09,,,,-0.27,100.1
1984-02-01,252.57,1.05,,,,-0.2,97.4
1984-03-01,250.78,0.93,,,,-0.2,97.4
1984-04-02,247.44,0.9,,,,-0.13,101
1984-05-01,232.82,0.95,,,,-0.07,96.1
1984-06-01,239.65,0.63,,,,-0.1,98.1
1984-07-02,229.7,0.39,,,,-0.23,95.5
1984-08-01,254.64,0.28,,,,-0.1,96.6
1984-09-03,249.94,0.36,,,,0,99.1
1984-10-01,247.03,0.7,,,,0.07,96.3
1984-11-01,242.53,1.08,,,,-0.03,95.7
1984-12-03,247.35,1.53,,,,-0.07,92.9
1985-01-01,278.7,1.27,,,,0.03,96
1985-02-01,284.2,1.25,,,,0.1,93.7
1985-03-01,279.2,1.22,,,,0.1,93.7
1985-04-01,280.6,1.5,,,,0.13,93.7
1985-05-01,290.8,1.36,,,,0.1,94.6
1985-06-03,296.2,1.58,,,,0.1,91.8
1985-07-01,301.3,1.62,,,,0.1,96.5
1985-08-01,297.7,1.31,,,,0.1,94
1985-09-02,280.3,1.5,,,,0,92.4
1985-10-01,292.5,1.31,,,,-0.07,88.4
1985-11-01,314,1.13,,,,-0.07,88.4
1985-12-02,324.9,1.02,,,,-0.07,93.9
1986-01-01,335.8,1.09,,,,-0.13,95.6
1986-02-03,359.5,0.42,,,,0.1,95.9
1986-03-03,374.7,0.47,,,,0.2,95.1
1986-04-01,383.2,0.53,,,,0.2,95.1
1986-05-01,400.2,0.64,,,,0.33,96.2
1986-06-02,405.5,0.54,,,,0.33,94.8
1986-07-01,371.4,0.74,,,,0.3,99.3
1986-08-01,382.9,0.97,,,,0.23,97.7
1986-09-01,350.7,1.08,,,,0.07,94.9
1986-10-01,360.8,1.08,,,,0.07,95.6
1986-11-03,359.6,0.94,,,,0.07,95.6
1986-12-01,348.8,0.88,,,,-0.07,89.1
1987-01-01,392.1,0.85,,,,-0.07,89.1
1987-02-02,425,0.84,,,,-0.07,90.4
1987-03-02,430.1,0.97,,,,-0.03,90.8
1987-04-01,417.8,0.92,,,,-0.03,90.8
1987-05-01,416.5,0.75,,,,-0.13,92.8
1987-06-01,424.7,0.86,,,,-0.13,91.1
1987-07-01,434.9,0.98,,,,-0.17,91.5
1987-08-03,455,1.01,,,,-0.1,93.7
1987-09-01,444.3,1.04,,,,-0.1,94.4
1987-10-01,323.3,1.3,,,,-0.07,93.6
1987-11-02,305.2,1.26,,,,-0.03,83.1
1987-12-01,330.5,1.06,,,,-0.03,86.8
1988-01-01,344.7,1.04,,,,-0.03,86.8
1988-02-01,367,1.03,,,,-0.07,91.6
1988-03-01,374.6,1.16,,,,-0.07,94.6
1988-04-01,379.2,1.17,,,,-0.07,94.6
1988-05-02,370.3,1.01,,,,-0.13,91.2
1988-06-01,394.7,0.85,,,,-0.03,94.8
1988-07-01,387.3,0.72,,-6.224267838815859,,-0.1,94.7
1988-08-01,376.6,0.54,,-6.104711398982345,,0,93.4
1988-09-01,387.7,0.45,,-5.973097190351044,,0,97.4
1988-10-03,382.5,0.4,,-5.835835111229492,,0,94.1
1988-11-01,371.5,0.22,,-5.749870287880656,,-0.07,93
1988-12-01,381.4,0,,-5.687066313665738,,-0.07,93
1989-01-02,401.3,-0.11,,-5.601445727599302,,0.03,97.9
1989-02-01,399.7,-0.23,,-5.665586876918165,,-0.07,95.4
1989-03-01,406.7,-0.43,,-5.669009507901156,,-0.1,94.3
1989-04-03,427.6,-0.18,,-5.625945776721563,,-0.1,94.3
1989-05-01,446.2,-0.23,,-5.744007785017765,,-0.03,91.5
1989-06-01,435.3,-0.04,,-5.859325589147984,,0.03,90.7
1989-07-03,453.8,0.31,,-5.79698239253259,,0.13,90.6
1989-08-01,469.3,-0.16,,-5.621090758811087,,0.1,92
1989-09-01,472.9,-0.11,,-5.6917582816894,,0.1,89.6
1989-10-02,455.6,0.07,,-5.766204592887394,,0.13,93.9
1989-11-01,456.1,0.09,,-5.9536266412734555,,0.2,90.9
1989-12-01,454.8,0.06,,-5.942345381455076,,0.2,90.9
1990-01-01,415.8,0.15,,-6.049101773501967,,0.13,93
1990-02-01,425.8,0.08,,-5.934197446476088,,0.13,89.5
1990-03-01,435.5,0.01,,-5.724801841880277,,0.13,89.5
1990-04-02,420.1,0.08,,-5.832019804967782,,0.1,91.3
1990-05-01,459,0.14,,-5.806704295161494,,0.13,93.9
1990-06-01,462.3,0.16,,-5.754797952678581,,0.13,90.6
1990-07-02,438.2,0.41,,-5.7181253500156055,,0.03,88.3
1990-08-01,381.2,0.74,,-5.742551080364614,,0.07,88.2
1990-09-03,344.5,0.86,,-5.839241021471307,,0.17,76.4
1990-10-01,329.8,0.88,,-5.797323959885266,,0.4,63.9
1990-11-01,359.1,0.73,,-5.8864670737485705,,0.5,66
1990-12-03,373.8,0.93,,-5.826198259267675,,0.6,65.5
1991-01-01,414.2,0.98,,-5.847405320709939,,0.77,66.8
1991-02-01,453.1,0.98,,-5.801942239128445,,0.97,70.4
1991-03-01,482.3,1.03,,-5.824282051529711,,0.97,70.4
1991-04-01,484.7,1.17,,-5.829952554370158,,1.2,87.7
1991-05-01,506.1,1.42,,-5.931356054335263,,1.3,81.8
1991-06-03,475.9,1.32,,-5.912004129514534,,1.43,78.3
1991-07-01,502,1.37,,-5.902746608425154,,1.5,82.1
1991-08-01,525.7,1.49,,-5.835170677152055,,1.53,82.9
1991-09-02,526.9,1.47,,-5.831692179130513,,1.4,82
1991-10-01,543,1.77,,-5.820800851417449,,1.1,78.3
1991-11-01,523.9,2,,-5.906521237213384,,1.1,78.3
1991-12-02,586.3,1.94,,-5.893819506270389,,1,68.2
1992-01-01,620.2,2.2,,-5.897142722533063,,0.93,67.5
1992-02-03,633.5,2,,-5.838080692058487,,0.93,67.5
1992-03-02,603.8,1.94,,-5.82862728912146,,0.77,76
1992-04-01,578.7,2.21,,-5.818260088447392,,0.77,76
1992-05-01,585.3,2.14,,-5.813288687693734,,0.67,77.2
1992-06-01,563.6,2.29,,-5.749224591260482,,0.63,79.2
1992-07-01,580.8,2.36,,-5.772202342501744,,0.73,80.4
1992-08-03,563.1,2.47,,-5.741405854321718,,0.87,76.6
1992-09-01,583.3,2.57,,-5.8098110248858,,0.9,76.1
1992-10-01,605.2,2.4,,-5.815336786844158,,0.8,75.6
1992-11-02,652.7,2.16,,-5.825672292265238,,0.5,85.3
1992-12-01,677,2.14,,-5.7730756013623425,,0.37,91
1993-01-01,696.3,2.19,,-5.811767133927264,,0.37,91
1993-02-01,670.8,2.11,,-5.837704619483676,,0.2,89.3
1993-03-01,690.1,2.07,,-5.865625500106615,,-0.1,85.9
1993-04-01,661.4,2.2,,-6.046714500627307,,-0.1,85.9
1993-05-03,700.5,1.92,,-6.165980726261284,,-0.03,85.6
1993-06-01,704,1.76,,-6.083089542431124,,-0.03,80.3
1993-07-01,704.7,1.69,,-6.143752953614555,,0,81.5
1993-08-02,742.8,1.58,,-6.079613842314507,,-0.07,77
1993-09-01,762.8,1.51,,-6.16703215006532,,-0.07,77.3
1993-10-01,779.3,1.44,,-6.225079398289487,,-0.1,77.9
1993-11-01,754.4,1.61,,-6.206307073382805,,-0.1,81.2
1993-12-01,776.8,1.58,,-6.15372834202088,,-0.1,88.2
1994-01-03,800.5,1.58,,-6.09116390733107,,0,94.3
1994-02-01,792.5,1.48,,-6.090021823093067,,0,93.2
1994-03-01,743.5,1.56,,-6.119251808044704,,0.03,91.5
1994-04-01,733.8,1.29,,-6.0231961687740245,,0.03,91.5
1994-05-02,735.2,1.15,,-5.929332766000976,,-0.07,92.6
1994-06-01,706,1.12,,-5.879926405626199,,-0.17,92.8
1994-07-01,722.2,1.08,,-5.856136208806758,,-0.17,91.2
1994-08-01,765.6,1.02,,-5.821933413190376,,-0.1,89
1994-09-01,764.3,1.04,,-5.867219093417769,,0.03,91.7
1994-10-03,777.5,0.97,,-5.74922672277568,,-0.1,92.7
1994-11-01,750.3,0.51,,-5.672419904195381,,-0.17,91.6
1994-12-01,752,0.15,,-5.625261776328426,,-0.17,91.6
1995-01-02,755.2,0.34,,-5.624412077004016,,0,97.6
1995-02-01,793.7,0.43,,-5.684539783915176,,-0.07,95.1
1995-03-01,817.2,0.4,,-5.664493483141769,,0.03,90.3
1995-04-03,844,0.49,,-5.7224891776003854,,0.03,90.3
1995-05-01,864.6,0.41,,-5.689946742803551,,0.07,92.5
1995-06-01,933.5,0.39,,-5.642182004994578,,0.17,89.8
1995-07-03,1001.2,0.57,,-5.659711387228519,,0.2,92.7
1995-08-01,1020.1,0.45,,-5.680913384745225,,0.17,94.4
1995-09-01,1043.5,0.36,,-5.682155168073249,,0.13,96.2
1995-10-02,1036.1,0.42,,-5.730281948927262,,0.07,90.2
1995-11-01,1059.2,0.4,,-5.750670177907841,,0.07,88.2
1995-12-01,1052.1,0.4,,-5.774368619735772,,0.07,88.2
1996-01-01,1059.8,0.67,,-5.874470616402683,,0.17,89.3
1996-02-01,1100.1,0.69,,-5.852092814800859,,0.13,88.5
1996-03-01,1101.4,0.55,,-5.834735438692779,,0.13,88.5
1996-04-01,1190.52,0.61,,-5.799868050300798,,0.1,93.7
1996-05-01,1243.43,0.6,,-5.837603680353322,,-0.03,92.7
1996-06-03,1185.02,0.62,,-6.045298858164092,,0.03,89.4
1996-07-01,1080.59,0.59,,-6.04448649672436,,-0.07,92.4
1996-08-01,1141.5,0.63,,-6.018139701197648,,0,94.7
1996-09-02,1226.92,0.61,,-6.04573619867554,,-0.17,95.3
1996-10-01,1221.51,0.6,,-6.028819420909458,,-0.07,96.5
1996-11-01,1292.61,0.47,,-5.82354467937245,,-0.07,96.5
1996-12-02,1291.03,0.55,3.13,-5.90884162243011,,0.07,96.9
1997-01-01,1379.85,0.59,3.04,-5.809624801935008,,0.13,97.4
1997-02-03,1309,0.47,2.73,-5.796712580293361,,0.13,99.7
1997-03-03,1221.7,0.47,2.84,-5.747079280409525,,0.1,100
1997-04-01,1260.76,0.43,2.91,-5.724960607902239,,0.1,100
1997-05-01,1400.32,0.45,2.61,-5.6759713746316836,,-0.07,101.4
1997-06-02,1442.07,0.43,2.63,-5.700358578494057,,-0.17,103.2
1997-07-01,1593.81,0.29,2.73,-5.7095813616523445,,-0.07,104.5
1997-08-01,1587.32,0.36,2.57,-5.798207279873999,,-0.03,107.1
1997-09-01,1685.69,0.3,2.55,-5.850245357897216,,0.03,104.4
1997-10-01,1593.61,0.21,2.99,-5.840385362119865,,-0.03,105.6
1997-11-03,1600.55,0.1,2.84,-5.867153707903181,,-0.03,105.6
1997-12-01,1570.35,0.09,2.96,-5.916716165070061,,-0.07,102.1
1998-01-01,1619.36,0.21,2.98,-5.950931497808351,,-0.07,102.1
1998-02-02,1770.51,0.07,2.88,-5.964831376668288,,-0.03,106.6
1998-03-02,1835.68,0.07,2.83,-5.939742726021605,,0,106.5
1998-04-01,1868.41,0.1,2.79,-5.907706263423116,,0,106.5
1998-05-01,1778.87,0.01,3.04,-5.942206531577684,,-0.13,108.7
1998-06-01,1894.74,-0.04,3.27,-6.00124045506569,,-0.1,106.5
1998-07-01,1872.39,0.01,3.3,-5.933617901995169,,-0.07,105.6
1998-08-03,1499.25,0.16,4.87,-5.968426136698689,,0.07,105.2
1998-09-01,1693.84,0.12,5.76,-6.004932764158848,,0.13,104.4
1998-10-01,1771.39,0.52,6.36,-6.005522724800995,,0.17,100.9
1998-11-02,1949.86,0.2,5.44,-6.023486563561109,,0.17,102.7
1998-12-01,2192.48,0.11,5.66,-6.064615428743597,,0,100.5
1999-01-01,2505.89,0.08,5.53,-6.102159645751787,,0,100.5
1999-02-01,2288.03,0.16,5.21,-6.122076663024818,,-0.07,103.9
1999-03-01,2461.4,0.26,5.19,-6.107564006096265,,-0.03,105.7
1999-04-01,2542.85,0.27,4.98,-5.980407074389757,,-0.03,105.7
1999-05-03,2470.52,0.22,4.74,-6.071017178809936,,0,104.6
1999-06-01,2686.12,0.25,4.69,-5.840353383298621,,-0.07,106.8
1999-07-01,2638.52,0.26,4.82,-5.827208333127316,,0.03,107.3
1999-08-02,2739.35,0.22,4.88,-5.7834366064554095,,0.03,106
1999-09-01,2746.16,0.29,5.1,-5.892669779276562,,0.03,104.5
1999-10-01,2966.43,0.25,5.08,-5.921074051354393,,0,107.2
1999-11-01,3336.16,0.17,4.91,-5.881065551396457,,-0.03,107.2
1999-12-01,4069.31,0.21,4.76,-5.815841248410271,,-0.03,105.4
2000-01-03,3940.35,0.07,4.87,-5.819798204992501,,-0.03,112
2000-02-01,4696.69,-0.11,5.08,-5.909906489699665,,0,111.3
2000-03-01,4572.83,-0.47,5.75,-5.856690146243862,,0,107.1
2000-04-03,3860.66,-0.4,5.69,-5.843835686238982,,0,107.1
2000-05-01,3400.91,-0.36,6.15,-5.821224411288232,,-0.03,109.2
2000-06-01,3966.11,-0.33,6.11,-5.8686247548632124,,0,110.7
2000-07-03,3766.99,-0.26,6.15,-5.7802563463430445,,-0.03,106.4
2000-08-01,4206.35,-0.43,6.28,-5.753193178715232,,0.03,108.3
2000-09-01,3672.82,-0.2,6.69,-5.706494708485921,,0.03,107.3
2000-10-02,3369.63,-0.17,7.79,-5.74928413297409,,-0.03,105.8
2000-11-01,2597.93,-0.13,9.06,-5.778397203577525,,-0.03,107.6
2000-12-01,2470.52,0.01,9,-5.782455506728677,,-0.03,107.6
2001-01-02,2772.73,0.57,7.87,-5.758814091154359,,0.13,94.7
2001-02-01,2151.83,0.51,7.7,-5.7935813572751025,,0.2,90.6
2001-03-01,1840.26,0.75,8.2,-5.826787454293736,,0.2,90.6
2001-04-02,2116.24,1.06,8.17,-5.829778036592021,,0.3,91.5
2001-05-01,2110.49,1.2,7.56,-5.864605798009091,,0.4,88.4
2001-06-01,2161.24,1.13,8.29,-5.940798061730132,,0.47,92
2001-07-02,2027.13,1.25,8.32,-5.977447349693595,,0.53,92.6
2001-08-01,1805.43,1.18,8.23,-5.997631807722177,,0.53,92.4
2001-09-04,1498.8,1.8,10.07,-6.111290484394166,,0.7,91.5
2001-10-01,1690.2,1.86,9.61,-6.106577354208486,,1.13,82.7
2001-11-01,1930.58,1.94,8.39,-5.928382160192025,,1.4,83.9
2001-12-03,1950.4,2,8.24,-6.048243526300995,,1.63,88.8
2002-01-02,1934.03,1.91,7.89,-5.9550211597066225,,1.6,93
2002-02-01,1731.49,1.82,8.19,-6.021878646011122,,1.5,90.7
2002-03-01,1845.35,1.7,7.11,-5.985882526375153,,1.5,90.7
2002-04-01,1688.23,1.87,7.19,-6.036445674747202,,1.37,95.7
2002-05-01,1615.73,1.89,7.22,-6.060675544890923,,1.4,93
2002-06-03,1463.21,1.99,9.14,-6.0046120829731215,,1.43,96.9
2002-07-01,1328.26,2.21,9.99,-6.105160272242927,,1.4,92.4
2002-08-01,1314.85,2.02,9.51,-6.112198731466547,,1.33,88.1
2002-09-03,1172.06,1.87,10.3,-6.190905986115403,,1.13,87.6
2002-10-01,1329.75,2.25,10.59,-6.095987892352745,,0.57,80.6
2002-11-01,1478.78,2.14,9.01,-6.046619621379755,,0.57,80.6
2002-12-02,1335.51,2.22,8.9,-6.205886905108325,,0.3,86.7
2003-01-02,1320.91,2.28,8.29,-6.141109903041319,,0.23,82.4
2003-02-03,1337.52,2.18,8.38,-6.106610469230092,,0.2,79.9
2003-03-03,1341.17,2.32,7.72,-6.155958432024722,,0.13,77.6
2003-04-01,1464.31,2.34,6.55,-6.140521172032485,,0.13,77.6
2003-05-01,1595.91,2.04,6.87,-6.146801196147824,,0.13,86
2003-06-02,1622.8,2.2,6.03,-6.13099550259062,,0.2,92.1
2003-07-01,1735.02,2.7,5.83,-6.072210143683726,,0.4,89.7
2003-08-01,1810.45,2.49,5.5,-6.141818480508614,,0.47,90.9
2003-09-02,1786.94,2.48,5.4,-6.156378285441138,,0.47,89.3
2003-10-01,1932.21,2.48,4.73,-6.015676256110253,,0.3,89.6
2003-11-03,1960.26,2.28,4.46,-6.081045204277718,,0.3,89.6
2003-12-01,2003.37,2.43,4.18,-5.986430376102344,,0.03,92.6
2004-01-02,2066.15,2.32,4.03,-5.862847169285889,,0.03,92.6
2004-02-02,2029.82,2.33,4.34,-5.686295144188182,,-0.1,103.8
2004-03-01,1994.22,2.26,4.41,-5.752339184873365,,0,95.8
2004-04-01,1920.15,2.21,3.83,-5.771163742248811,,0,95.8
2004-05-03,1986.74,2.14,4.32,-5.733727525196882,,0,94.2
2004-06-01,2047.79,1.87,3.96,-5.784843512356638,,0,90.2
2004-07-01,1887.36,1.85,3.94,-5.707089944914685,,-0.03,95.6
2004-08-02,1838.1,1.72,3.98,-5.774352729228208,,-0.03,96.7
2004-09-01,1896.84,1.49,3.79,-5.707595634662615,,-0.07,95.9
2004-10-01,1974.99,1.5,3.58,-5.771586685656656,,-0.07,94.2
2004-11-01,2096.81,1.34,3.17,-5.755865786976423,,0,92.8
2004-12-01,2175.44,1.16,3.1,-5.709845525889876,,0,97.1
2005-01-03,2062.41,0.85,3.29,-5.688804427268961,,-0.1,95.5
2005-02-01,2051.72,0.77,2.83,-5.676840643333191,,0,94.1
2005-03-01,1999.23,0.7,3.52,-5.659209694325863,,-0.07,92.6
2005-04-01,1921.65,0.6,4.16,-5.696699159309601,,-0.07,92.6
2005-05-02,2068.22,0.44,4.02,-5.661595930535637,,0,87.7
2005-06-01,2056.96,0.34,3.81,-5.668052351042436,,-0.1,86.9
2005-07-01,2184.83,0.24,3.33,-5.579747035863545,,-0.07,96
2005-08-01,2152.09,0.19,3.48,-5.600329735190606,,-0.07,96.5
2005-09-01,2151.69,0.16,3.67,-5.610939100242383,,-0.07,89.1
2005-10-03,2120.3,0.17,3.61,-5.552235923075615,,0.03,74.2
2005-11-01,2232.82,0.07,3.67,-5.556559399176143,,0.07,81.6
2005-12-01,2205.32,-0.02,3.65,-5.5393220022719225,,0.07,81.6
2006-01-03,2305.82,-0.01,3.42,-5.553910514757464,,-0.07,91.2
2006-02-01,2281.39,-0.14,3.37,-5.556240364237777,,-0.07,86.7
2006-03-01,2339.79,0.04,3.13,-5.473133496793413,,-0.07,88.9
2006-04-03,2322.57,0.18,3,-5.314334958345146,,-0.07,88.9
2006-05-01,2178.88,0.1,3.1,-5.187854328523357,,0,87.4
2006-06-01,2172.09,0.01,3.33,-5.212795193109875,,-0.07,79.1
2006-07-03,2091.47,0.02,3.4,-5.199471531911404,,-0.03,84.9
2006-08-01,2183.75,-0.07,3.42,-5.212252511162438,,0.03,84.7
2006-09-01,2258.43,-0.05,3.44,-5.162492181652791,,0.07,82
2006-10-02,2366.71,-0.1,3.29,-5.200583088233643,,-0.07,93.6
2006-11-01,2431.77,-0.16,3.2,-5.3196804080843885,,-0.07,92.1
2006-12-01,2415.29,-0.11,2.82,-5.403677882205863,,-0.07,92.1
2007-01-03,2463.93,-0.11,2.72,-5.535659124266295,,0.07,96.9
2007-02-01,2416.15,-0.09,2.82,-5.498674191404897,,0.07,91.3
2007-03-01,2421.64,0.06,2.82,-5.359652255492143,,0.07,91.3
2007-04-02,2525.09,0.04,2.63,-5.258449740972572,,0.03,88.4
2007-05-01,2604.52,-0.01,2.44,-5.279889144052305,,0,87.1
2007-06-01,2603.23,0.16,2.83,-5.239836872499822,,0,88.3
2007-07-02,2546.27,0.23,4.24,-5.226746731973718,,0.03,85.3
2007-08-01,2596.36,0.43,4.48,-5.30199033034816,,0.07,90.4
2007-09-04,2701.5,0.63,4.15,-5.328089524881706,,0.1,83.4
2007-10-01,2859.12,0.58,4.38,-5.433700628201152,,0.17,83.4
2007-11-01,2660.96,0.93,5.75,-5.512597764697706,,0.23,76.1
2007-12-03,2652.28,0.99,5.92,-5.6188316917868555,,0.4,75.5
2008-01-02,2389.86,1.5,6.95,-5.639715508648793,1.42,0.4,78.4
2008-02-01,2271.48,1.88,7.67,-5.533066463982554,1.42,0.43,70.8
2008-03-03,2279.1,1.8,7.99,-5.482876911391366,1.67,0.43,70.8
2008-04-01,2412.8,1.5,6.86,-5.400715373065736,1.07,0.47,69.5
2008-05-01,2522.66,1.41,6.55,-5.5103063125220695,0.9,0.5,62.6
2008-06-02,2292.98,1.34,7.41,-5.476875680365182,1.02,0.73,59.8
2008-07-01,2325.55,1.43,7.81,-5.529431255065523,0.87,0.8,56.4
2008-08-01,2367.52,1.42,8.29,-5.50772664329274,0.53,0.97,61.2
2008-09-02,2082.33,1.91,10.75,-5.723387573778432,-0.2,1.1,63
2008-10-01,1720.95,2.41,15.91,-5.972978712383254,-0.4,1.27,70.3
2008-11-03,1535.57,1.93,19.78,-6.20761187216657,-0.46,1.5,57.6
2008-12-01,1577.03,1.49,18.12,-6.441206667191612,-2.66,2.07,60.1
2009-01-02,1476.42,1.93,16.22,-6.449221202743744,-2.48,2.07,60.1
2009-02-02,1377.84,2.02,17.39,-6.417728003542206,-3.27,2.37,61.2
2009-03-02,1528.59,1.89,16.89,-6.217585499457832,-3.22,2.77,56.3
2009-04-01,1717.3,2.18,14.46,-6.075949332427933,-3.02,3.13,57.3
2009-05-01,1774.33,2.7,11.74,-6.100538296690486,-2.93,3.53,65.1
2009-06-01,1835.04,2.4,11.05,-6.011724471098455,-3.23,3.73,68.7
2009-07-01,1978.5,2.48,9.33,-5.898039381999428,-3.12,3.9,70.8
2009-08-03,2009.06,2.45,9.04,-5.821100227907265,-2.27,3.8,66
2009-09-01,2122.42,2.31,7.91,-5.880630088112838,-1.36,3.67,65.7
2009-10-01,2045.11,2.55,7.56,-5.86369269229221,-0.51,3.57,73.5
2009-11-02,2144.6,2.54,7.65,-5.919279617581688,1.37,3.47,67.4
2009-12-01,2269.15,2.71,6.39,-5.791689909053456,2.52,3.07,72.5
2010-01-04,2147.35,2.81,6.46,-5.872267736129291,1.93,3.07,72.5
2010-02-01,2238.26,2.8,6.66,-5.8310391472234935,3.37,2.57,74.4
2010-03-01,2397.96,2.82,5.77,-5.7482281195411105,4.05,2.03,73.6
2010-04-01,2461.19,2.75,5.54,-5.863858185355409,4.09,1.53,73.6
2010-05-03,2257.04,2.47,6.88,-5.969646683951838,4.08,1.2,72.2
2010-06-01,2109.24,2.36,7.06,-6.045638791789731,4.33,0.8,73.6
2010-07-01,2254.7,2.44,6.48,-5.879168093474694,4.37,0.43,76
2010-08-02,2114.03,2.04,6.89,-5.916226057136684,3.81,0.13,67.8
2010-09-01,2368.62,2.08,6.29,-5.882338983978897,3.82,0,68.9
2010-10-01,2507.41,2.32,5.77,-5.896127582426397,3.63,0.03,68.2
2010-11-01,2498.23,2.36,6.22,-5.892560149529538,3.42,0.13,71.6
2010-12-01,2652.87,2.69,5.41,-5.767167868864235,4.26,0.1,74.5
2011-01-03,2700.08,2.84,5.08,-5.701499582251782,3.28,-0.13,74.2
2011-02-01,2782.27,2.73,4.78,-5.747974742498882,2.8,-0.3,77.5
2011-03-01,2781.07,2.67,4.76,-5.811971256294277,2.74,-0.3,77.5
2011-04-01,2873.54,2.72,4.73,-5.92005875764462,2.83,-0.2,67.5
2011-05-02,2835.3,2.59,5.01,-5.907744629966935,2.25,0,69.8
2011-06-01,2773.52,2.67,5.53,-5.860548362483676,2.07,0.07,74.3
2011-07-01,2756.38,2.56,5.37,-5.8975597862047495,2.23,0.2,71.5
2011-08-01,2579.46,1.99,7.39,-6.076844396075356,2.29,0.23,63.7
2011-09-01,2415.4,1.72,8.16,-6.2435630024207205,1.97,0.23,55.8
2011-10-03,2684.41,2.06,6.85,-6.163314804034641,2.32,0.2,59.5
2011-11-01,2620.34,1.83,7.79,-6.193437454290477,2.15,0,63.7
2011-12-01,2605.15,1.64,7.38,-6.122482597669667,2.43,0,63.7
2012-01-03,2813.84,1.61,6.61,-6.12950423175219,1.5,-0.2,75
2012-02-01,2966.89,1.68,5.98,-6.0893023152315395,1.96,-0.13,75.3
2012-03-01,3091.57,1.85,6.02,-6.080157515965102,2.09,-0.13,75.3
2012-04-02,3046.36,1.7,6.02,-6.074365560098818,2.5,-0.1,76.2
2012-05-01,2827.34,1.36,6.71,-6.14155324969888,2.55,-0.07,76.4
2012-06-01,2935.05,1.29,6.52,-6.12861800077104,2.32,-0.03,79.3
2012-07-02,2939.52,1.3,6.2,-6.157933237344947,2.05,0,73.2
2012-08-01,3066.96,1.36,5.86,-6.190661519310696,1.91,0.07,72.3
2012-09-04,3116.23,1.41,5.73,-6.157048890503621,2.17,0.03,74.3
2012-10-01,2977.23,1.44,5.46,-6.191805667041041,2.05,-0.1,78.3
2012-11-01,3010.24,1.37,5.65,-6.1510991840439235,2.44,-0.13,82.7
2012-12-03,3019.51,1.53,5.34,-6.128634077536469,2.3,0,72.9
2013-01-02,3142.13,1.75,4.95,-6.098832692430296,2.65,0,73.8
2013-02-01,3160.19,1.64,4.98,-6.097733740702027,2.2,-0.03,77.6
2013-03-01,3267.52,1.62,4.81,-6.150704296442711,2.08,-0.03,77.6
2013-04-01,3328.79,1.5,4.53,-6.135208321279423,1.66,-0.07,78.6
2013-05-01,3455.91,1.82,4.54,-6.047567819144507,1.69,-0.13,76.4
2013-06-03,3403.25,2.13,5.23,-5.992036746412432,2.16,-0.03,84.5
2013-07-01,3626.37,2.3,4.66,-6.042717757318756,2.12,0,84.1
2013-08-01,3589.87,2.36,4.76,-6.068027415251306,2.44,-0.03,85.1
2013-09-03,3771.48,2.3,4.75,-5.989808044959751,2.26,-0.1,82.1
2013-10-01,3919.71,2.22,4.43,-5.994112152573036,2.63,-0.13,77.5
2013-11-01,4059.89,2.47,4.23,-5.966506688734634,3.55,-0.03,73.2
2013-12-02,4176.59,2.66,4,-5.869246178331644,2.54,-0.17,82.5
2014-01-02,4103.88,2.33,4.21,-5.960492485190114,2.21,-0.2,81.2
2014-02-03,4308.12,2.33,3.81,-6.027361492282169,2.19,-0.1,81.6
2014-03-03,4198.99,2.28,3.73,-6.050503341797438,2.86,-0.1,81.6
2014-04-01,4114.56,2.27,3.66,-6.0592235169962585,2.7,0,80
2014-05-01,4242.62,2.08,3.78,-5.988739531395911,2.74,-0.1,84.1
2014-06-02,4408.18,2.09,3.48,-6.022657058314692,2.16,-0.13,81.9
2014-07-01,4369.77,2.01,3.79,-5.984008780976638,2.53,-0.2,82.5
2014-08-01,4580.27,1.84,3.82,-6.009649716688299,2.63,-0.03,81.8
2014-09-02,4493.39,1.92,4.51,-5.9985879102863855,2.62,-0.07,82.5
2014-10-01,4630.74,1.84,4.35,-5.951968114950006,2.64,-0.07,84.6
2014-11-03,4791.63,1.71,4.64,-6.023534368312464,2.84,-0.13,86.9
2014-12-01,4736.05,1.5,5.04,-6.03805293124915,3.29,-0.1,93.6
2015-01-02,4635.24,1.21,5.37,-6.23990185320079,2.49,-0.1,93.6
2015-02-02,4963.53,1.37,4.43,-6.110835686757999,2.72,0,98.1
2015-03-02,4900.88,1.38,4.73,-6.0680199909966115,2.39,-0.1,95.4
2015-04-01,4941.42,1.5,4.53,-6.015256854675086,2.31,-0.03,93
2015-05-01,5070.03,1.51,4.5,-6.07797176477259,1.95,-0.1,95.9
2015-06-01,4986.87,1.69,4.91,-6.105032209593802,1.98,0,90.7
2015-07-01,5128.28,1.56,5.26,-6.13845739103056,1.86,-0.07,96.1
2015-08-03,4776.51,1.47,5.72,-6.183100875176484,1.55,-0.03,93.1
2015-09-01,4620.16,1.41,6.6,-6.166210851497485,1.81,-0.13,91.9
2015-10-01,5053.75,1.44,5.89,-6.199521839644735,1.72,-0.07,87.2
2015-11-02,5108.67,1.27,6.4,-6.2539039106123635,1.33,-0.03,91.3
2015-12-01,5007.41,1.21,6.95,-6.207746201873118,1,-0.03,92.6
2016-01-04,4613.95,1.18,7.74,-6.291766220962536,1.01,-0.03,92.6
2016-02-01,4557.95,0.96,7.75,-6.361045300665254,1.27,-0.03,91.7
2016-03-01,4869.85,1.07,7.03,-6.33861188347662,0.93,-0.03,91.7
2016-04-01,4775.36,1.06,6.19,-6.337075665515752,1.28,0,91
2016-05-02,4948.05,0.95,6.08,-6.364762666573756,2.42,0.03,89
2016-06-01,4842.67,0.88,6.26,-6.399431646740836,1.74,-0.03,94.7
2016-07-01,5162.13,0.8,5.54,-6.415217408414264,1.95,-0.03,93.5
2016-08-01,5213.22,0.77,5.07,-6.447685300082053,1.81,-0.03,90
2016-09-01,5312,0.83,5.09,-6.38996889472084,1.62,0.07,89.8
2016-10-03,5189.13,1,4.76,-6.3584826411687905,1.96,0.1,91.2
2016-11-01,5323.68,1.26,4.67,-6.099962937370304,2.19,0,93.8
2016-12-01,5383.12,1.25,4.21,-6.13050607525722,3.34,0,93.8
2017-01-03,5614.79,1.26,4,-6.0961465558217585,2.45,0,98.5
2017-02-01,5825.44,1.14,3.74,-6.135590411783815,2.36,0.03,96.3
2017-03-01,5911.74,1.14,3.85,-6.156355778285046,2.92,0.03,96.3
2017-04-03,6047.61,1.05,3.78,-6.187040792180594,2.4,-0.03,96.9
2017-05-01,6198.52,0.93,3.68,-6.203225734947646,2.2,-0.13,97
2017-06-01,6140.42,0.89,3.76,-6.127402208703103,2.29,-0.13,97.1
2017-07-03,6348.12,0.96,3.59,-6.087670368966789,2.51,-0.03,95
2017-08-01,6428.66,0.82,3.86,-6.056134171479453,2.65,-0.03,93.4
2017-09-01,6495.96,0.86,3.57,-6.074859692334436,2.79,0.03,96.8
2017-10-02,6727.67,0.79,3.49,-6.015441162641907,2.51,-0.03,95.1
2017-11-01,6873.97,0.64,3.61,-6.0323126509479605,2.5,-0.1,98.5
2017-12-01,6903.39,0.51,3.58,-5.983173950087019,2.98,-0.1,98.5
2018-01-02,7411.48,0.58,3.29,-6.04099208380683,2.72,0,95.7
2018-02-01,7273.01,0.62,3.47,-6.041963431861757,2.58,0,99.7
2018-03-01,7063.44,0.49,3.77,-6.083825715551917,2.47,0,99.7
2018-04-02,7066.27,0.47,3.44,-6.0618011261289855,2.22,0,101.4
2018-05-01,7442.12,0.42,3.64,-6.053680838883528,2.8,-0.07,98.8
2018-06-01,7510.3,0.32,3.64,-6.047278122090736,2.32,-0.1,98
2018-07-02,7671.79,0.32,3.43,-6.076885396237342,2.37,-0.03,98.2
2018-08-01,8109.54,0.22,3.44,-6.113191705951731,2.83,0,97.9
2018-09-04,8046.35,0.23,3.25,-6.055501605635797,2.93,0.03,96.2
2018-10-01,7305.9,0.28,3.89,-6.1245492435137665,2.92,-0.07,100.1
2018-11-01,7330.54,0.21,4.29,-6.086366979709919,2.95,-0.07,97.5
2018-12-03,6635.28,0.21,5.33,-6.188266464457375,2.32,0.07,98.3
2019-01-02,7281.74,0.18,4.37,-6.165250346378155,2.44,0.13,91.2
2019-02-01,7532.53,0.21,3.92,-6.1013011225131875,2.41,0.17,93.8
2019-03-01,7729.32,0.16,4.08,-6.091916920350534,1.94,0.17,93.8
2019-04-01,8095.39,0.24,3.73,-6.092969499127654,2.2,0.13,98.4
2019-05-01,7453.15,0.16,4.33,-6.207842841347131,1.94,0,97.2
2019-06-03,8006.24,0.27,4.09,-6.255726345351665,2.14,-0.07,100
2019-07-01,8175.42,0.21,3.97,-6.290290224793254,1.88,-0.03,98.2
2019-08-01,7962.88,-0.03,4.08,-6.3959493590882355,1.84,0.03,98.4
2019-09-03,7999.34,0.06,3.99,-6.347780690986621,1.78,0.07,89.8
2019-10-01,8292.36,0.17,3.96,-6.353017641732517,1.68,0,93.2
2019-11-01,8665.47,0.17,4.01,-6.315962856101441,2.62,-0.03,95.5
2019-12-02,8972.6,0.34,3.6,-6.299955596401635,2.06,0,99.3
2020-01-02,9150.94,0.18,4.03,-6.447099951378873,1.68,0,99.8
2020-02-03,8567.37,0.27,5.04,-6.424562694368996,1.6,0,99.8
2020-03-02,7700.1,0.47,8.82,-6.5745273251466605,-3.64,0,101
2020-04-01,8889.55,0.43,7.87,-6.583107060282685,-8.09,0.3,89.1
2020-05-01,9489.87,0.53,6.6,-6.5823043352544675,-6.87,4,71.8
2020-06-01,10058.77,0.48,6.52,-6.492067675444781,-4.86,7.27,72.3
2020-07-01,10745.27,0.44,5.14,-6.540212568132745,-4.25,9.5,78.1
2020-08-03,11775.46,0.6,5,-6.47123981095325,-2.21,8,72.5
2020-09-01,11167.5069,0.55,5.5,-6.437850573120321,-2.45,6.37,74.1
2020-10-01,10911.5909,0.69,5.25,-6.424652280546626,-1.36,5.3,80.4
2020-11-02,12198.737,0.68,4.33,-6.249984226521303,-0.42,3.63,76.9
2020-12-01,12888.2824,0.8,3.86,-6.288850028233316,0.92,3.23,80.7
2021-01-04,13070.6945,1,3.79,-6.254466749436013,0.41,3.23,80.7
2021-02-01,13192.3454,1.3,3.52,-6.046026774929524,-0.91,3.03,79
2021-03-01,13246.8707,1.57,3.44,-6.062349424810345,6.61,2.87,76.8
2021-04-01,13962.6812,1.49,3.24,-5.980493664334883,10.55,2.33,84.9
2021-05-03,13748.7386,1.47,3.3,-6.009630976310931,9.77,-0.07,88.3
2021-06-01,14503.9534,1.22,3.03,-6.0235847665143,8.27,-0.13,82.9
2021-07-01,14672.6776,1.08,3.23,-6.004871207388097,7.34,-0.03,85.5
2021-08-02,15259.2351,1.09,3.16,-6.029640758915649,7.1,-0.23,81.2
2021-09-01,14448.5815,1.25,3.09,-6.063062646804592,6.65,-0.2,70.3
2021-10-01,15498.3885,1.07,3.08,-6.012252019314618,5.58,-0.37,72.8
2021-11-01,15537.6907,0.91,3.67,-6.028447405867376,6.44,-0.33,67.4
2021-12-01,15644.9707,0.79,3.1,-6.015372714093046,6.36,-0.27,70.6
2022-01-03,14239.8832,0.61,3.63,-6.029243414449153,5.42,-0.2,67.2
2022-02-01,13751.3992,0.39,3.77,-6.0560626971782305,5.2,-0.13,62.8
2022-03-01,14220.5187,0.04,3.33,-6.019278710397944,4.43,-0.13,62.8
2022-04-01,12334.64,0.22,3.83,-6.072213681990028,4.37,-0.1,59.4
2022-05-02,12081.3912,0.27,4.19,-6.0643913217895475,3.62,-0.13,65.2
2022-06-01,11028.7357,0.04,5.62,-6.188557421222249,3.12,-0.07,58.4
2022-07-01,12390.6879,-0.17,4.98,-6.211833860608647,3.45,0,50
2022-08-01,11816.2029,-0.35,4.9,-6.195642977361091,2.9,-0.03,51.5
2022-09-01,10575.6187,-0.4,5.5,-6.194330633133569,3.03,0.03,58.2
2022-10-03,10988.1459,-0.39,4.54,-6.186482934696343,2.61,0,58.6
2022-11-01,11467.9959,-0.7,4.55,-6.154461559202794,1.92,0.07,56.7
2022-12-01,10466.4817,-0.53,4.79,-6.172232170058205,2.22,0.07,56.7
2023-01-03,11584.5518,-0.69,4.3,-6.131915566609907,1.5,-0.07,64.9
2023-02-01,11455.544,-0.89,4.22,-6.107303048941597,1.44,0,66.9
2023-03-01,12221.9067,-0.55,4.74,-6.184333934741153,1.73,0,66.9
2023-04-03,12226.5838,-0.54,4.48,-6.241914674186849,1.4,0,62
2023-05-01,12935.2854,-0.77,4.58,-6.300753001699098,1.2,0,63.7
2023-06-01,13787.9227,-1.02,4.14,-6.240678382900509,1.52,0.03,59
2023-07-03,14346.0236,-0.91,3.82,-6.217199548093326,1.87,0.07,64.2
2023-08-01,14034.968,-0.78,3.8,-6.2429315888954795,1.99,0.1,71.5
2023-09-01,13219.3218,-0.45,4.09,-6.213189031822621,1.69,0.13,69.4
2023-10-02,12851.2379,-0.15,4.5,-6.303595233104866,2,0.2,67.8
2023-11-01,14226.2183,-0.36,3.84,-6.280898103903594,1.92,0.3,61.3
2023-12-01,15011.3524,-0.35,3.34,-6.277635389549154,2.49,0.3,61.3
2024-01-02,15164.0118,-0.28,3.59,-6.271533225679897,1.5,0.2,79
2024-02-01,16091.9224,-0.39,3.29,-6.2805915071018115,1.75,0.27,76.9
2024-03-01,16379.4583,-0.34,3.15,-6.325473772257209,1.83,0.27,76.9
2024-04-01,15657.8223,-0.34,3.12,-6.223615498230973,1.8,0.3,79.4
2024-05-01,16735.0153,-0.37,3.19,-6.233890782474231,2.51,0.37,77.2
2024-06-03,17732.6027,-0.41,3.21,-6.278064399193836,2.17,0.37,69.1
2024-07-01,17599.3997,-0.2,3.2,-6.383713692307592,1.71,0.43,68.2
2024-08-01,17713.6241,0,3.15,-6.397206636126019,1.99,0.53,66.4
2024-09-03,18189.1704,0.2,3.14,-6.3700694560699604,2.09,0.57,67.9
2024-10-01,18095.1506,0.14,2.8,-6.451227264691565,2.13,0.5,70.1
2024-11-01,19218.1662,0.05,2.72,-6.473249350398737,3.21,0.43,70.5
2024-12-02,19310.7916,0.33,2.92,-6.486015400043669,2.71,0.4,74
2025-01-02,19627.4415,0.36,2.68,-6.4960778787271725,2.8,0.37,71.7
2025-02-03,18847.279,0.25,2.87,-6.439860243032161,2.43,0.27,64.7
2025-03-03,17299.2866,0.38,3.47,-6.4390380686669335,2.29,0.27,64.7
2025-04-01,17446.3416,0.54,3.74,-6.579438027084813,2.33,0.27,57
2025-05-01,19113.7665,0.51,3.22,-6.563569779824658,2.05,0.27,52.2
2025-06-02,20369.7334,0.56,3.02,-6.4782050962724895,2.15,0.27,52.2
2025-07-01,21122.4483,0.44,2.89,-6.645087833871786,2.59,0.17,60.7
2025-08-01,21455.5523,0.6,2.75,-6.641118749209695,2.63,0.1,61.7
2025-09-02,22660.009,0.52,2.74,-6.6815183038771275,2.37,0.13,58.2
2025-10-01,23724.9571,0.5,2.85,-6.666092909459378,2.02,0.23,55.1
2025-11-03,23365.6857,0.55,2.95,-6.693416741768465,2.19,0.23,53.6
2025-12-01,23241.9906,0.71,2.81,-6.638579767769051,2.51,0.35,51
2026-01-02,23436.0197,0.65,2.69,-6.742002485168903,2.34,0.35,51